item_id,direction,tone
C0900,N,neu
C0901,N,neg
C0902,N,neu
C0903,R,neg
C0904,N,neg
C0905,N,neu
C0906,N,neu
C0907,N,neg
C0908,D,pos
C0909,N,neg
C0910,R,neg
C0911,N,neg
C0912,N,neu
C0913,D,neg
C0914,N,neu
C0915,N,pos
C0916,N,pos
C0917,N,neg
C0918,N,neu
C0919,N,neu
C0920,D,neg
C0921,N,neu
C0922,N,neg
C0923,N,neu
C0924,N,neg
C0925,R,neg
C0926,N,neu
C0927,N,neu
C0928,D,neg
C0929,N,neu
C0930,D,neg
C0931,N,neg
C0932,D,neg
C0933,N,neu
C0934,N,neu
C0935,N,neu
C0936,N,neg
C0937,R,neg
C0938,R,neg
C0939,N,neu
C0940,R,neg
C0941,D,neg
C0942,N,neg
C0943,N,pos
C0944,R,neg
C0945,R,neg
C0946,N,neu
C0947,D,neg
C0948,N,neg
C0949,N,neg
C0950,N,neu
C0951,N,neu
C0952,N,neg
C0953,R,neg
C0954,N,neu
C0955,D,neg
C0956,R,neg
C0957,N,neg
C0958,R,neg
C0959,N,neu
C0960,N,neu
C0961,N,neu
C0962,N,neu
C0963,R,neg
C0964,N,neu
C0965,D,neg
C0966,D,neg
C0967,N,pos
C0968,N,neu
C0969,D,neg
C0970,N,pos
C0971,N,neu
C0972,R,neg
C0973,R,pos
C0974,R,pos
C0975,D,pos
C0976,N,neu
C0977,N,neu
C0978,N,neg
C0979,N,neu
C0980,D,neg
C0981,N,neu
C0982,N,neg
C0983,N,neu
C0984,N,neg
C0985,N,neg
C0986,N,neu
C0987,D,pos
C0988,N,neu
C0989,N,neu
C0990,N,neu
C0991,N,neu
C0992,D,neg
C0993,N,neu
C0994,N,neu
C0995,N,neg
C0996,D,neg
C0997,D,neg
C0998,N,neu
C0999,N,neg
C1000,D,neg
C1001,N,neu
C1002,N,neu
C1003,D,neg
C1004,D,neg
C1005,D,neg
C1006,N,neg
C1007,N,neg
C1008,N,neu
C1009,N,neg
C1010,D,neg
C1011,D,neg
C1012,N,neg
C1013,N,neu
C1014,N,neg
C1015,N,neu
C1016,D,pos
C1017,R,neg
C1018,D,neg
C1019,N,pos
C1020,D,neg
C1021,R,neg
C1022,D,neg
C1023,R,neg
C1024,N,neu
C1025,D,neg
C1026,D,neg
C1027,N,neg
C1028,R,pos
C1029,R,pos
C1030,D,neg
C1031,N,neu
C1032,N,neu
C1033,N,neg
C1034,D,neg
C1035,N,neu
C1036,N,neu
C1037,N,neu
C1038,R,neg
C1039,N,neu
C1040,N,neu
C1041,R,pos
C1042,N,neg
C1043,N,neu
C1044,N,neu
C1045,D,neg
C1046,D,neg
C1047,R,pos
C1048,N,neg
C1049,R,pos
C1050,N,neu
C1051,N,neu
C1052,N,pos
C1053,N,neg
C1054,R,neg
C1055,D,neg
C1056,D,neg
C1057,R,neg
C1058,R,neg
C1059,N,neu
C1060,N,neg
C1061,D,neg
C1062,N,neu
C1063,N,neu
C1064,N,neg
C1065,D,neg
C1066,D,neg
C1067,D,neg
C1068,N,neg
C1069,N,neg
C1070,D,neg
C1071,N,neu
C1072,N,neg
C1073,N,neu
C1074,N,neu
C1075,R,pos
C1076,N,neg
C1077,R,neg
C1078,N,neg
C1079,N,neu
C1080,N,neu
C1081,D,pos
C1082,N,neu
C1083,R,neg
C1084,D,neg
C1085,N,neg
C1086,D,neg
C1087,N,neg
C1088,N,neu
C1089,N,neu
C1090,N,neg
C1091,N,neg
C1092,R,neg
C1093,N,neu
C1094,D,neg
C1095,N,neu
C1096,R,neg
C1097,R,neg
C1098,N,neu
C1099,N,neu
C1100,D,neg
C1101,N,neu
C1102,N,neu
C1103,D,neg
C1104,N,neg
C1105,N,neg
C1106,N,neg
C1107,N,neu
C1108,N,neu
C1109,N,neu
C1110,N,neg
C1111,D,neg
C1112,D,neg
C1113,N,neg
C1114,D,neg
C1115,D,neg
C1116,N,neu
C1117,N,neu
C1118,D,neg
C1119,N,neu
C1120,N,neu
C1121,N,neu
C1122,N,neu
C1123,N,neu
C1124,R,pos
C1125,D,neg
C1126,N,neu
C1127,R,neg
C1128,N,neg
C1129,N,pos
C1130,N,neg
C1131,N,neg
C1132,D,neg
C1133,D,neg
C1134,D,neu
C1135,N,neu
C1136,D,neg
C1137,D,neg
C1138,N,neu
C1139,N,neu
C1140,N,neu
C1141,N,neu
C1142,R,neg
C1143,N,neg
C1144,N,neg
C1145,N,neu
C1146,N,neg
C1147,N,neu
C1148,D,neg
C1149,N,pos
C1150,R,neg
C1151,D,neu
C1152,R,neg
C1153,N,neu
C1154,D,neg
C1155,N,neg
C1156,N,neu
C1157,N,neg
C1158,R,pos
C1159,N,neu
C1160,D,neg
C1161,N,neg
C1162,N,neu
C1163,D,neg
C1164,N,neu
C1165,D,neg
C1166,R,neg
C1167,D,neg
C1168,N,neu
C1169,R,neg
C1170,N,neu
C1171,N,neg
C1172,N,neu
C1173,N,neg
C1174,N,neu
C1175,N,neg
C1176,D,neg
C1177,N,neu
C1178,N,neu
C1179,N,pos
C1180,N,neu
C1181,N,neg
C1182,D,neg
C1183,N,neu
C1184,N,neg
C1185,N,neg
C1186,D,neg
C1187,N,neu
C1188,N,neu
C1189,N,neu
C1190,N,neu
C1191,D,pos
C1192,D,neg
C1193,N,neu
C1194,D,neg
C1195,D,neg
C1196,N,neg
C1197,N,neu
C1198,D,neg
C1199,N,neu
